№,Название,Цена,Наличие,Country,DATA
1,Сотовый телефон BRAVIS A552 Joy Max золотой,100000,На складе,Poland,15/2/2021
2,Сотовый телефон BRAVIS A552 Joy Max серый,7720,На складе,France,27/1/2021
3,Сотовый телефон BRAVIS Next черный,6370,На складе,Afghanistan,3/2/2021
4,Сотовый телефон BRAVIS Trend черный,7720,На складе,Russia,15/2/2021
5,Сотовый телефон BRAVIS Trend белый,7720,На складе,Indonesia,1/2/2021
6,Сотовый телефон Philips Xenium V526 LTE синий,17720,На складе,Ukraine,13/1/2021
7,Сотовый телефон Philips S616 темно-серый,18320,На складе,Croatia,10/2/2021
8,Сотовый телефон Xiaomi Redmi Note 9 Pro 6/64GB тропический зеленый,18990,На складе,China,16/2/2021
9,Сотовый телефон Apple iPhone 11 128GB фиолетовый,61490,На складе,Finland,12/2/2021
10,Сотовый телефон Apple iPhone 11 128GB зеленый,61490,На складе,Syria,25/1/2021
11,Сотовый телефон Apple iPhone 11 128GB желтый,61490,На складе,Peru,8/1/2021
12,Сотовый телефон Apple iPhone 11 128GB белый,61490,На складе,Canada,12/1/2021
13,Сотовый телефон Apple iPhone 11 128GB красный,61490,На складе,Brazil,14/1/2021
14,Сотовый телефон Xiaomi Redmi 9A 2/32GB голубой,9240,На складе,Indonesia,3/2/2021
15,Сотовый телефон Apple iPhone 12 mini 64GB белый,68020,На складе,China,6/1/2021
16,Сотовый телефон Apple iPhone 12 mini 64GB черный,68020,На складе,China,15/1/2021
17,Сотовый телефон Apple iPhone 12 mini 64GB зеленый,68020,На складе,Philippines,28/1/2021
18,Сотовый телефон Apple iPhone 12 mini 64GB синий,68020,На складе,Czech Republic,7/1/2021
19,Сотовый телефон Apple iPhone 12 mini 64GB красный,68020,На складе,Tanzania,8/1/2021
20,Сотовый телефон BRAVIS A504 Trace черный,7380,На складе,China,6/2/2021
21,Сотовый телефон BRAVIS A504 Trace золотой,7380,На складе,Indonesia,9/1/2021
22,Сотовый телефон BRAVIS A504 Trace белый,7380,На складе,Comoros,25/1/2021
23,Сотовый телефон Philips S326 серый,9410,На складе,Jordan,14/1/2021
24,Сотовый телефон BRAVIS A505 Joy Plus синий,7460,На складе,Turkey,5/2/2021
25,Сотовый телефон BRAVIS A505 Joy Plus белый,7460,На складе,Tunisia,12/1/2021
26,Сотовый телефон Ergo A551 Sky синий,8230,На складе,China,28/1/2021
27,Сотовый телефон Ergo A551 Sky золотой,8230,На складе,China,21/1/2021
28,Сотовый телефон Xiaomi Redmi 9A 2/32GB зеленый,9240,На складе,Indonesia,13/2/2021
29,Сотовый телефон Xiaomi Poco X3 NFC 6/128GB серый,20010,На складе,China,13/1/2021
30,Сотовый телефон Samsung Galaxy A02 (2021) 32GB (SM-A022F/DS) черный,10510,На складе,Croatia,8/1/2021
31,Сотовый телефон Samsung Galaxy A02 (2021) 32GB (SM-A022F/DS) синий,10510,На складе,Russia,7/2/2021
32,Сотовый телефон Samsung Galaxy A02 (2021) 32GB (SM-A022F/DS) красный,10510,На складе,Portugal,13/1/2021
33,Сотовый телефон Xiaomi Redmi 9C 2/32GB серый,11530,На складе,China,10/1/2021
34,Сотовый телефон Xiaomi Redmi 9T 4/128GB (NFC) серый,14920,На складе,Comoros,12/2/2021
35,Сотовый телефон Xiaomi Redmi 9T 4/128GB (NFC) оранжевый,14750,На складе,Uganda,7/2/2021
36,Сотовый телефон Xiaomi Redmi 9C 2/32GB синий,10510,На складе,Brazil,19/1/2021
37,Сотовый телефон Apple iPhone 12 Pro 512GB графитовый,122620,На складе,Sweden,2/1/2021
38,Сотовый телефон Xiaomi Redmi Note 9T 4/64Gb черный,19420,На складе,Philippines,10/2/2021
39,Сотовый телефон Apple iPhone 12 Pro 512GB серебристый,122620,На складе,Ukraine,14/2/2021
40,Сотовый телефон Xiaomi Mi 10T 8/128GB лунное серебро,38000,На складе,Vietnam,18/1/2021
41,Сотовый телефон Xiaomi Redmi Note 9S 6/128GB серый,18570,На складе,Indonesia,11/2/2021
42,Сотовый телефон Xiaomi Redmi 9T 4/64GB (NFC) синий,13310,На складе,Lithuania,11/2/2021
43,Сотовый телефон Xiaomi Redmi 9A 2/32GB серый гранит,9240,На складе,Philippines,8/2/2021
44,Сотовый телефон Apple iPhone 12 Pro Max 512GB графитовый,129910,На складе,Sweden,9/1/2021
45,Сотовый телефон Apple iPhone 12 Pro Max 512GB серебристый,129910,На складе,Russia,11/2/2021
46,Сотовый телефон Apple iPhone 12 Pro Max 512GB синий,129910,На складе,Kazakhstan,3/2/2021
47,Сотовый телефон ASUS Fonepad Note 6 16Gb черный,36050,На складе,China,15/1/2021
48,Сотовый телефон Xiaomi Mi 10T Pro 8/256GB космический черный,51470,На складе,Poland,6/1/2021
49,Сотовый телефон Xiaomi Mi 10T 8/128GB космический черный,37740,На складе,China,18/1/2021
50,Сотовый телефон Xiaomi Mi 10T Pro 8/256GB лунное серебро,52490,На складе,Colombia,31/1/2021
51,Сотовый телефон iLife itell S280C,3730,На складе,Canada,9/2/2021
52,Смартфон iLife itell S500S серебристый,8230,На складе,China,12/1/2021
53,Сотовый телефон Xiaomi Redmi Note 9 4/128GB (NFC) полночный серый,16450,На складе,Colombia,21/1/2021
54,Сотовый телефон Samsung Galaxy S21 5G 8/128GB Dual SIM (SM-G991B/DS) серый фантом,,На складе,Nepal,21/1/2021
55,Сотовый телефон Samsung Galaxy S21 5G 8/128GB Dual SIM (SM-G991B/DS) белый фантом,,На складе,China,20/1/2021
56,Сотовый телефон Samsung Galaxy S21 5G 8/128GB Dual SIM (SM-G991B/DS) фиолетовый фантом,,На складе,China,1/2/2021
57,Сотовый телефон Samsung Galaxy S21 5G 8/128GB Dual SIM (SM-G991B/DS) розовый фантом,,На складе,Portugal,12/2/2021
58,Сотовый телефон Samsung Galaxy S21 Plus 5G 8/128GB Dual SIM (SM-G996B/DS) фиолетовый фантом,90650,На складе,Croatia,13/2/2021
59,Сотовый телефон Samsung Galaxy S21 Plus 5G 8/256GB Dual SIM (SM-G996B/DS) фиолетовый фантом,97940,На складе,Japan,13/2/2021
60,Сотовый телефон Samsung Galaxy S21 Plus 5G 8/128GB Dual SIM (SM-G996B/DS) черный фантом,90650,На складе,Sweden,4/2/2021
61,Сотовый телефон Samsung Galaxy S21 Plus 5G 8/256GB Dual SIM (SM-G996B/DS) черный фантом,97940,На складе,Indonesia,9/2/2021
62,Сотовый телефон BRAVIS A503 Joy черный,6270,На складе,China,20/1/2021
63,Сотовый телефон BRAVIS A503 Joy золотой,6270,На складе,Russia,10/2/2021
64,Сотовый телефон BRAVIS A503 Joy белый,6270,На складе,Panama,12/1/2021
65,Сотовый телефон Ergo A502 Aurum белый,5940,На складе,Colombia,9/1/2021
66,Сотовый телефон Apple iPhone 11 128GB черный,61490,На складе,Ukraine,28/1/2021
67,Сотовый телефон Samsung Galaxy A71 (2020) 128GB (SM-A715F/DS) голубой,27140,Уточняйте наличие,Russia,7/1/2021
68,Сотовый телефон Samsung Galaxy A71 (2020) 128GB (SM-A715F/DS) серебристый,27140,Уточняйте наличие,Poland,6/1/2021
69,Сотовый телефон Huawei P smart Z 4/64GB черный,15350,Уточняйте наличие,Cameroon,28/1/2021
70,Сотовый телефон Samsung Galaxy S10 8/128GB (SM-G973F/DS) черный оникс,41040,Уточняйте наличие,Russia,26/1/2021
71,Сотовый телефон Nokia 5310 (2020) Dual Sim черный,4150,Уточняйте наличие,Madagascar,14/1/2021
72,Сотовый телефон Xiaomi Redmi Note 8 4/128Gb белый,15600,Уточняйте наличие,China,5/2/2021
73,Сотовый телефон Nokia 5310 (2020) Dual Sim белый,4150,Уточняйте наличие,Poland,27/1/2021
74,Сотовый телефон Samsung Galaxy S10 8/128GB (SM-G973F/DS) аквамарин,41040,Уточняйте наличие,Russia,2/2/2021
75,Сотовый телефон Philips Xenium E109 черный,1960,Уточняйте наличие,Kazakhstan,15/1/2021
76,Сотовый телефон Xiaomi Redmi Note 8 4/128Gb синий,16030,Уточняйте наличие,Tunisia,6/1/2021
77,Сотовый телефон Realme C3 3/64GB серый,11450,Уточняйте наличие,China,8/2/2021
78,Сотовый телефон Realme C3 3/64GB голубой,11450,Уточняйте наличие,Indonesia,8/2/2021
79,Сотовый телефон Nokia 210 черный,3390,Уточняйте наличие,France,5/2/2021
80,Сотовый телефон Realme C3 3/64GB красный,11450,Уточняйте наличие,France,7/2/2021
